id;name;last_name;cell_phone;last_used_time;intimacy_order
1;24/365;丁;Dollar programming Persistent;2021-06-27T19:51:34;56390
2;Avon Incredible;鄒;Health;2021-06-28T09:23:07;90529
3;Bike to capacitor;賀;deposit microchip;2021-06-28T04:59:11;79941
4;override responsive;趙;Dinar secondary;2021-06-27T20:23:23;85464
5;Loan;武;transmit lavender;2021-06-27T12:30:17;53545
6;quantify integrate Plastic;韓;dynamic plug-and-play;2021-06-27T16:20:30;89964
7;街 card Synergized;梁;Investor;2021-06-28T07:13:14;9397
8;Creative cross-platform website;謝;navigating Manager Berkshire;2021-06-28T07:15:54;12243
9;Computer Research;吳;SSL Concrete input;2021-06-28T06:34:58;42757
10;deposit National;姜;Cheese connect;2021-06-27T23:21:25;85818
