id;title;type;content;notes;key_words;last_update_by;status;event_date
1;Home European;Incredible edge Heard;synthesizing drive;Sausages;Handcrafted;invoice;Handmade Practical;2021-06-27T18:03:07
2;array Liaison;Guinea Cambridgeshire;Metal;microchip Cote;sexy Fresh;Lanka Incredible 台灣省;Antilles Dinar copy;2021-06-27T19:51:13
3;Markets 街 Tools;mobile Identity;calculate bypassing Practical;Checking;Home parsing orchid;payment payment;evolve hacking;2021-06-28T06:34:41
4;Fresh synergy;bypass cross-platform;Lead convergence;interface service-desk;hybrid Games;Cambridgeshire;Universal Small Health;2021-06-28T07:28:03
5;北路 programming;Tuna;Investment Lithuania Borders;e-markets Verde;networks withdrawal;Account Engineer Applications;bus;2021-06-28T04:46:58
6;Shoes fuchsia;Music circuit;Baby quantify withdrawal;New connecting;Architect systems;cutting-edge Games;magnetic niches;2021-06-27T14:37:07
7;payment Group Usability;Account;Balboa mission-critical;Nuevo Regional;hard;Account Salad feed;南路 街 orchestration;2021-06-28T01:30:32
8;withdrawal Cheese Computers;Profound Directives District;Forint;cyan Direct El;salmon;killer lavender;Representative;2021-06-27T11:53:57
9;robust;Russian 台灣省 Licensed;Legacy;drive paradigm;Licensed Refined 福建省;COM;Gourde Concrete;2021-06-27T22:30:54
10;街;XML Electronics;Baby;Open-architected lime;Metal auxiliary Bedfordshire;yellow;Towels seize 西路;2021-06-27T19:21:33
